<?xml version="1.0" encoding="UTF-8"?>
<!--

  Copyright : 2012 Freescale, Inc. All Rights Reserved.

  This configuration file is a standard interchange file that's format is maintained
  by Freescale, Inc. The configuration file is a derivative work
  of the Processor Expert Software technology licensed for use by customers
  as defined as SOFTWARE in the product's End User License Agreement. This file
  and format are free to use and distribute for read-only purposes. You do not have
  the right to create these files or modify this format or use for any purposes other
  than interchange with the Processor Expert Software technology.

  THIS SOFTWARE IS PROVIDED "AS IS".

  NO WARRANTIES, WHETHER EXPRESS, IMPLIED OR STATUTORY, INCLUDING, BUT NOT
  LIMITED TO, IMPLIED WARRANTIES OF MERCHANTABILITY AND FITNESS FOR A PARTICULAR
  PURPOSE APPLY TO THIS SOFTWARE. IN NO EVENT WILL FREESCALE BE LIABLE, WHETHER
  IN CONTRACT, TORT, OR OTHERWISE, FOR ANY INCIDENTAL, SPECIAL, INDIRECT,
  CONSEQUENTIAL OR PUNITIVE DAMAGES, INCLUDING, BUT NOT LIMITED TO, DAMAGES FOR
  ANY LOSS OF USE, LOSS OF TIME, INCONVENIENCE, COMMERCIAL LOSS, OR LOST PROFITS,
  SAVINGS, OR REVENUES TO THE FULL EXTENT SUCH MAY BE DISCLAIMED BY LAW.

-->
<export xmlns:xsi="http://www.w3.org/2001/XMLSchema-instance" xsi:noNamespaceSchemaLocation="ProjectInfoDescription.xsd">
  <PROCESSOR>
    <DeviceID>MK20DX128xxx5</DeviceID>
    <CoreNum>1</CoreNum>
    <Cores>
      <Core>
        <CoreSet>Cortex-M4</CoreSet>
      </Core>
    </Cores>
    <SRAMsize>16k</SRAMsize>
    <FLASHsize>128k</FLASHsize>
  </PROCESSOR>
  <PATHS>
    <LinkerCommandFile>D:\MyDevelopment\Education\MC_Microcontroller\HSLU\INTRO\git\MyTeam\Template\TEAM_Remote\Project_Settings\Linker_Files\ProcessorExpert.ld</LinkerCommandFile>
    <IncludePaths>
      <Path>D:\MyDevelopment\Education\MC_Microcontroller\HSLU\INTRO\git\MyTeam\Template\TEAM_Remote\Static_Code\PDD\</Path>
      <Path>D:\MyDevelopment\Education\MC_Microcontroller\HSLU\INTRO\git\MyTeam\Template\TEAM_Remote\Static_Code\IO_Map\</Path>
      <Path>D:\MyDevelopment\Education\MC_Microcontroller\HSLU\INTRO\git\MyTeam\Template\TEAM_Remote\Sources\</Path>
      <Path>D:\MyDevelopment\Education\MC_Microcontroller\HSLU\INTRO\git\MyTeam\Template\TEAM_Remote\Generated_Code\</Path>
    </IncludePaths>
    <SourceCodePaths>
      <Path>D:\MyDevelopment\Education\MC_Microcontroller\HSLU\INTRO\git\MyTeam\Template\TEAM_Remote\Generated_Code\</Path>
      <Path>D:\MyDevelopment\Education\MC_Microcontroller\HSLU\INTRO\git\MyTeam\Template\TEAM_Remote\Project_Settings\Startup_Code\</Path>
      <Path>D:\MyDevelopment\Education\MC_Microcontroller\HSLU\INTRO\git\MyTeam\Template\TEAM_Remote\Sources\</Path>
      <Path>D:\MyDevelopment\Education\MC_Microcontroller\HSLU\INTRO\git\MyTeam\Template\TEAM_Remote\Sources\TEAM_Common\</Path>
    </SourceCodePaths>
  </PATHS>
  <FILES>
    <GeneratedCs>
      <PathName>D:\MyDevelopment\Education\MC_Microcontroller\HSLU\INTRO\git\MyTeam\Template\TEAM_Remote\Generated_Code\AS1.c</PathName>
      <PathName>D:\MyDevelopment\Education\MC_Microcontroller\HSLU\INTRO\git\MyTeam\Template\TEAM_Remote\Generated_Code\ASerialLdd1.c</PathName>
      <PathName>D:\MyDevelopment\Education\MC_Microcontroller\HSLU\INTRO\git\MyTeam\Template\TEAM_Remote\Generated_Code\BitIoLdd15.c</PathName>
      <PathName>D:\MyDevelopment\Education\MC_Microcontroller\HSLU\INTRO\git\MyTeam\Template\TEAM_Remote\Generated_Code\BitIoLdd16.c</PathName>
      <PathName>D:\MyDevelopment\Education\MC_Microcontroller\HSLU\INTRO\git\MyTeam\Template\TEAM_Remote\Generated_Code\BitIoLdd17.c</PathName>
      <PathName>D:\MyDevelopment\Education\MC_Microcontroller\HSLU\INTRO\git\MyTeam\Template\TEAM_Remote\Generated_Code\CDC1.c</PathName>
      <PathName>D:\MyDevelopment\Education\MC_Microcontroller\HSLU\INTRO\git\MyTeam\Template\TEAM_Remote\Generated_Code\CLS1.c</PathName>
      <PathName>D:\MyDevelopment\Education\MC_Microcontroller\HSLU\INTRO\git\MyTeam\Template\TEAM_Remote\Generated_Code\CS1.c</PathName>
      <PathName>D:\MyDevelopment\Education\MC_Microcontroller\HSLU\INTRO\git\MyTeam\Template\TEAM_Remote\Generated_Code\Cpu.c</PathName>
      <PathName>D:\MyDevelopment\Education\MC_Microcontroller\HSLU\INTRO\git\MyTeam\Template\TEAM_Remote\Generated_Code\ExtIntLdd1.c</PathName>
      <PathName>D:\MyDevelopment\Education\MC_Microcontroller\HSLU\INTRO\git\MyTeam\Template\TEAM_Remote\Generated_Code\ExtIntLdd2.c</PathName>
      <PathName>D:\MyDevelopment\Education\MC_Microcontroller\HSLU\INTRO\git\MyTeam\Template\TEAM_Remote\Generated_Code\ExtIntLdd3.c</PathName>
      <PathName>D:\MyDevelopment\Education\MC_Microcontroller\HSLU\INTRO\git\MyTeam\Template\TEAM_Remote\Generated_Code\ExtIntLdd4.c</PathName>
      <PathName>D:\MyDevelopment\Education\MC_Microcontroller\HSLU\INTRO\git\MyTeam\Template\TEAM_Remote\Generated_Code\ExtIntLdd5.c</PathName>
      <PathName>D:\MyDevelopment\Education\MC_Microcontroller\HSLU\INTRO\git\MyTeam\Template\TEAM_Remote\Generated_Code\FRTOS1.c</PathName>
      <PathName>D:\MyDevelopment\Education\MC_Microcontroller\HSLU\INTRO\git\MyTeam\Template\TEAM_Remote\Generated_Code\HF1.c</PathName>
      <PathName>D:\MyDevelopment\Education\MC_Microcontroller\HSLU\INTRO\git\MyTeam\Template\TEAM_Remote\Generated_Code\IFsh1.c</PathName>
      <PathName>D:\MyDevelopment\Education\MC_Microcontroller\HSLU\INTRO\git\MyTeam\Template\TEAM_Remote\Generated_Code\IntFlashLdd1.c</PathName>
      <PathName>D:\MyDevelopment\Education\MC_Microcontroller\HSLU\INTRO\git\MyTeam\Template\TEAM_Remote\Generated_Code\KIN1.c</PathName>
      <PathName>D:\MyDevelopment\Education\MC_Microcontroller\HSLU\INTRO\git\MyTeam\Template\TEAM_Remote\Generated_Code\LEDPin1.c</PathName>
      <PathName>D:\MyDevelopment\Education\MC_Microcontroller\HSLU\INTRO\git\MyTeam\Template\TEAM_Remote\Generated_Code\MCUC1.c</PathName>
      <PathName>D:\MyDevelopment\Education\MC_Microcontroller\HSLU\INTRO\git\MyTeam\Template\TEAM_Remote\Generated_Code\PE_LDD.c</PathName>
      <PathName>D:\MyDevelopment\Education\MC_Microcontroller\HSLU\INTRO\git\MyTeam\Template\TEAM_Remote\Generated_Code\PTA.c</PathName>
      <PathName>D:\MyDevelopment\Education\MC_Microcontroller\HSLU\INTRO\git\MyTeam\Template\TEAM_Remote\Generated_Code\PTB.c</PathName>
      <PathName>D:\MyDevelopment\Education\MC_Microcontroller\HSLU\INTRO\git\MyTeam\Template\TEAM_Remote\Generated_Code\PTD.c</PathName>
      <PathName>D:\MyDevelopment\Education\MC_Microcontroller\HSLU\INTRO\git\MyTeam\Template\TEAM_Remote\Generated_Code\RTOSCNTRLDD1.c</PathName>
      <PathName>D:\MyDevelopment\Education\MC_Microcontroller\HSLU\INTRO\git\MyTeam\Template\TEAM_Remote\Generated_Code\RTT1.c</PathName>
      <PathName>D:\MyDevelopment\Education\MC_Microcontroller\HSLU\INTRO\git\MyTeam\Template\TEAM_Remote\Generated_Code\RTT_Syscalls_GCC.c</PathName>
      <PathName>D:\MyDevelopment\Education\MC_Microcontroller\HSLU\INTRO\git\MyTeam\Template\TEAM_Remote\Generated_Code\Rx1.c</PathName>
      <PathName>D:\MyDevelopment\Education\MC_Microcontroller\HSLU\INTRO\git\MyTeam\Template\TEAM_Remote\Generated_Code\SEGGER_RTT.c</PathName>
      <PathName>D:\MyDevelopment\Education\MC_Microcontroller\HSLU\INTRO\git\MyTeam\Template\TEAM_Remote\Generated_Code\SEGGER_RTT_printf.c</PathName>
      <PathName>D:\MyDevelopment\Education\MC_Microcontroller\HSLU\INTRO\git\MyTeam\Template\TEAM_Remote\Generated_Code\SEGGER_SYSVIEW.c</PathName>
      <PathName>D:\MyDevelopment\Education\MC_Microcontroller\HSLU\INTRO\git\MyTeam\Template\TEAM_Remote\Generated_Code\SEGGER_SYSVIEW_Config.c</PathName>
      <PathName>D:\MyDevelopment\Education\MC_Microcontroller\HSLU\INTRO\git\MyTeam\Template\TEAM_Remote\Generated_Code\SEGGER_SYSVIEW_FreeRTOS.c</PathName>
      <PathName>D:\MyDevelopment\Education\MC_Microcontroller\HSLU\INTRO\git\MyTeam\Template\TEAM_Remote\Generated_Code\SW1.c</PathName>
      <PathName>D:\MyDevelopment\Education\MC_Microcontroller\HSLU\INTRO\git\MyTeam\Template\TEAM_Remote\Generated_Code\SW2.c</PathName>
      <PathName>D:\MyDevelopment\Education\MC_Microcontroller\HSLU\INTRO\git\MyTeam\Template\TEAM_Remote\Generated_Code\SW3.c</PathName>
      <PathName>D:\MyDevelopment\Education\MC_Microcontroller\HSLU\INTRO\git\MyTeam\Template\TEAM_Remote\Generated_Code\SW4.c</PathName>
      <PathName>D:\MyDevelopment\Education\MC_Microcontroller\HSLU\INTRO\git\MyTeam\Template\TEAM_Remote\Generated_Code\SW5.c</PathName>
      <PathName>D:\MyDevelopment\Education\MC_Microcontroller\HSLU\INTRO\git\MyTeam\Template\TEAM_Remote\Generated_Code\SW6.c</PathName>
      <PathName>D:\MyDevelopment\Education\MC_Microcontroller\HSLU\INTRO\git\MyTeam\Template\TEAM_Remote\Generated_Code\SW7.c</PathName>
      <PathName>D:\MyDevelopment\Education\MC_Microcontroller\HSLU\INTRO\git\MyTeam\Template\TEAM_Remote\Generated_Code\SYS1.c</PathName>
      <PathName>D:\MyDevelopment\Education\MC_Microcontroller\HSLU\INTRO\git\MyTeam\Template\TEAM_Remote\Generated_Code\TI1.c</PathName>
      <PathName>D:\MyDevelopment\Education\MC_Microcontroller\HSLU\INTRO\git\MyTeam\Template\TEAM_Remote\Generated_Code\TMOUT1.c</PathName>
      <PathName>D:\MyDevelopment\Education\MC_Microcontroller\HSLU\INTRO\git\MyTeam\Template\TEAM_Remote\Generated_Code\TU1.c</PathName>
      <PathName>D:\MyDevelopment\Education\MC_Microcontroller\HSLU\INTRO\git\MyTeam\Template\TEAM_Remote\Generated_Code\TimerIntLdd1.c</PathName>
      <PathName>D:\MyDevelopment\Education\MC_Microcontroller\HSLU\INTRO\git\MyTeam\Template\TEAM_Remote\Generated_Code\TmDt1.c</PathName>
      <PathName>D:\MyDevelopment\Education\MC_Microcontroller\HSLU\INTRO\git\MyTeam\Template\TEAM_Remote\Generated_Code\Tx1.c</PathName>
      <PathName>D:\MyDevelopment\Education\MC_Microcontroller\HSLU\INTRO\git\MyTeam\Template\TEAM_Remote\Generated_Code\USB0.c</PathName>
      <PathName>D:\MyDevelopment\Education\MC_Microcontroller\HSLU\INTRO\git\MyTeam\Template\TEAM_Remote\Generated_Code\USB1.c</PathName>
      <PathName>D:\MyDevelopment\Education\MC_Microcontroller\HSLU\INTRO\git\MyTeam\Template\TEAM_Remote\Generated_Code\UTIL1.c</PathName>
      <PathName>D:\MyDevelopment\Education\MC_Microcontroller\HSLU\INTRO\git\MyTeam\Template\TEAM_Remote\Generated_Code\Vectors.c</PathName>
      <PathName>D:\MyDevelopment\Education\MC_Microcontroller\HSLU\INTRO\git\MyTeam\Template\TEAM_Remote\Generated_Code\WAIT1.c</PathName>
      <PathName>D:\MyDevelopment\Education\MC_Microcontroller\HSLU\INTRO\git\MyTeam\Template\TEAM_Remote\Generated_Code\XF1.c</PathName>
      <PathName>D:\MyDevelopment\Education\MC_Microcontroller\HSLU\INTRO\git\MyTeam\Template\TEAM_Remote\Generated_Code\croutine.c</PathName>
      <PathName>D:\MyDevelopment\Education\MC_Microcontroller\HSLU\INTRO\git\MyTeam\Template\TEAM_Remote\Generated_Code\event_groups.c</PathName>
      <PathName>D:\MyDevelopment\Education\MC_Microcontroller\HSLU\INTRO\git\MyTeam\Template\TEAM_Remote\Generated_Code\heap_1.c</PathName>
      <PathName>D:\MyDevelopment\Education\MC_Microcontroller\HSLU\INTRO\git\MyTeam\Template\TEAM_Remote\Generated_Code\heap_2.c</PathName>
      <PathName>D:\MyDevelopment\Education\MC_Microcontroller\HSLU\INTRO\git\MyTeam\Template\TEAM_Remote\Generated_Code\heap_3.c</PathName>
      <PathName>D:\MyDevelopment\Education\MC_Microcontroller\HSLU\INTRO\git\MyTeam\Template\TEAM_Remote\Generated_Code\heap_4.c</PathName>
      <PathName>D:\MyDevelopment\Education\MC_Microcontroller\HSLU\INTRO\git\MyTeam\Template\TEAM_Remote\Generated_Code\heap_5.c</PathName>
      <PathName>D:\MyDevelopment\Education\MC_Microcontroller\HSLU\INTRO\git\MyTeam\Template\TEAM_Remote\Generated_Code\heap_useNewlib.c</PathName>
      <PathName>D:\MyDevelopment\Education\MC_Microcontroller\HSLU\INTRO\git\MyTeam\Template\TEAM_Remote\Generated_Code\list.c</PathName>
      <PathName>D:\MyDevelopment\Education\MC_Microcontroller\HSLU\INTRO\git\MyTeam\Template\TEAM_Remote\Generated_Code\mpu_wrappers.c</PathName>
      <PathName>D:\MyDevelopment\Education\MC_Microcontroller\HSLU\INTRO\git\MyTeam\Template\TEAM_Remote\Generated_Code\port.c</PathName>
      <PathName>D:\MyDevelopment\Education\MC_Microcontroller\HSLU\INTRO\git\MyTeam\Template\TEAM_Remote\Generated_Code\queue.c</PathName>
      <PathName>D:\MyDevelopment\Education\MC_Microcontroller\HSLU\INTRO\git\MyTeam\Template\TEAM_Remote\Generated_Code\stream_buffer.c</PathName>
      <PathName>D:\MyDevelopment\Education\MC_Microcontroller\HSLU\INTRO\git\MyTeam\Template\TEAM_Remote\Generated_Code\tasks.c</PathName>
      <PathName>D:\MyDevelopment\Education\MC_Microcontroller\HSLU\INTRO\git\MyTeam\Template\TEAM_Remote\Generated_Code\timers.c</PathName>
      <PathName>D:\MyDevelopment\Education\MC_Microcontroller\HSLU\INTRO\git\MyTeam\Template\TEAM_Remote\Generated_Code\usb_cdc.c</PathName>
      <PathName>D:\MyDevelopment\Education\MC_Microcontroller\HSLU\INTRO\git\MyTeam\Template\TEAM_Remote\Generated_Code\usb_cdc_pstn.c</PathName>
      <PathName>D:\MyDevelopment\Education\MC_Microcontroller\HSLU\INTRO\git\MyTeam\Template\TEAM_Remote\Generated_Code\usb_class.c</PathName>
      <PathName>D:\MyDevelopment\Education\MC_Microcontroller\HSLU\INTRO\git\MyTeam\Template\TEAM_Remote\Generated_Code\usb_dci_kinetis.c</PathName>
      <PathName>D:\MyDevelopment\Education\MC_Microcontroller\HSLU\INTRO\git\MyTeam\Template\TEAM_Remote\Generated_Code\usb_descriptor.c</PathName>
      <PathName>D:\MyDevelopment\Education\MC_Microcontroller\HSLU\INTRO\git\MyTeam\Template\TEAM_Remote\Generated_Code\usb_driver.c</PathName>
      <PathName>D:\MyDevelopment\Education\MC_Microcontroller\HSLU\INTRO\git\MyTeam\Template\TEAM_Remote\Generated_Code\usb_framework.c</PathName>
      <PathName>D:\MyDevelopment\Education\MC_Microcontroller\HSLU\INTRO\git\MyTeam\Template\TEAM_Remote\Generated_Code\wdt_kinetis.c</PathName>
      <PathName>D:\MyDevelopment\Education\MC_Microcontroller\HSLU\INTRO\git\MyTeam\Template\TEAM_Remote\Project_Settings\Startup_Code\startup.c</PathName>
      <PathName>D:\MyDevelopment\Education\MC_Microcontroller\HSLU\INTRO\git\MyTeam\Template\TEAM_Remote\Sources\Events.c</PathName>
      <PathName>D:\MyDevelopment\Education\MC_Microcontroller\HSLU\INTRO\git\MyTeam\Template\TEAM_Remote\Sources\TEAM_Common\Application.c</PathName>
      <PathName>D:\MyDevelopment\Education\MC_Microcontroller\HSLU\INTRO\git\MyTeam\Template\TEAM_Remote\Sources\TEAM_Common\Battery.c</PathName>
      <PathName>D:\MyDevelopment\Education\MC_Microcontroller\HSLU\INTRO\git\MyTeam\Template\TEAM_Remote\Sources\TEAM_Common\Buzzer.c</PathName>
      <PathName>D:\MyDevelopment\Education\MC_Microcontroller\HSLU\INTRO\git\MyTeam\Template\TEAM_Remote\Sources\TEAM_Common\Debounce.c</PathName>
      <PathName>D:\MyDevelopment\Education\MC_Microcontroller\HSLU\INTRO\git\MyTeam\Template\TEAM_Remote\Sources\TEAM_Common\Distance.c</PathName>
      <PathName>D:\MyDevelopment\Education\MC_Microcontroller\HSLU\INTRO\git\MyTeam\Template\TEAM_Remote\Sources\TEAM_Common\Drive.c</PathName>
      <PathName>D:\MyDevelopment\Education\MC_Microcontroller\HSLU\INTRO\git\MyTeam\Template\TEAM_Remote\Sources\TEAM_Common\Event.c</PathName>
      <PathName>D:\MyDevelopment\Education\MC_Microcontroller\HSLU\INTRO\git\MyTeam\Template\TEAM_Remote\Sources\TEAM_Common\KeyDebounce.c</PathName>
      <PathName>D:\MyDevelopment\Education\MC_Microcontroller\HSLU\INTRO\git\MyTeam\Template\TEAM_Remote\Sources\TEAM_Common\Keys.c</PathName>
      <PathName>D:\MyDevelopment\Education\MC_Microcontroller\HSLU\INTRO\git\MyTeam\Template\TEAM_Remote\Sources\TEAM_Common\LCD.c</PathName>
      <PathName>D:\MyDevelopment\Education\MC_Microcontroller\HSLU\INTRO\git\MyTeam\Template\TEAM_Remote\Sources\TEAM_Common\LCDMenu.c</PathName>
      <PathName>D:\MyDevelopment\Education\MC_Microcontroller\HSLU\INTRO\git\MyTeam\Template\TEAM_Remote\Sources\TEAM_Common\LED.c</PathName>
      <PathName>D:\MyDevelopment\Education\MC_Microcontroller\HSLU\INTRO\git\MyTeam\Template\TEAM_Remote\Sources\TEAM_Common\LineFollow.c</PathName>
      <PathName>D:\MyDevelopment\Education\MC_Microcontroller\HSLU\INTRO\git\MyTeam\Template\TEAM_Remote\Sources\TEAM_Common\MCP4728.c</PathName>
      <PathName>D:\MyDevelopment\Education\MC_Microcontroller\HSLU\INTRO\git\MyTeam\Template\TEAM_Remote\Sources\TEAM_Common\Maze.c</PathName>
      <PathName>D:\MyDevelopment\Education\MC_Microcontroller\HSLU\INTRO\git\MyTeam\Template\TEAM_Remote\Sources\TEAM_Common\Motor.c</PathName>
      <PathName>D:\MyDevelopment\Education\MC_Microcontroller\HSLU\INTRO\git\MyTeam\Template\TEAM_Remote\Sources\TEAM_Common\NVM_Config.c</PathName>
      <PathName>D:\MyDevelopment\Education\MC_Microcontroller\HSLU\INTRO\git\MyTeam\Template\TEAM_Remote\Sources\TEAM_Common\Pid.c</PathName>
      <PathName>D:\MyDevelopment\Education\MC_Microcontroller\HSLU\INTRO\git\MyTeam\Template\TEAM_Remote\Sources\TEAM_Common\Platform.c</PathName>
      <PathName>D:\MyDevelopment\Education\MC_Microcontroller\HSLU\INTRO\git\MyTeam\Template\TEAM_Remote\Sources\TEAM_Common\QuadCalib.c</PathName>
      <PathName>D:\MyDevelopment\Education\MC_Microcontroller\HSLU\INTRO\git\MyTeam\Template\TEAM_Remote\Sources\TEAM_Common\RNet_App.c</PathName>
      <PathName>D:\MyDevelopment\Education\MC_Microcontroller\HSLU\INTRO\git\MyTeam\Template\TEAM_Remote\Sources\TEAM_Common\RTOS.c</PathName>
      <PathName>D:\MyDevelopment\Education\MC_Microcontroller\HSLU\INTRO\git\MyTeam\Template\TEAM_Remote\Sources\TEAM_Common\Reflectance.c</PathName>
      <PathName>D:\MyDevelopment\Education\MC_Microcontroller\HSLU\INTRO\git\MyTeam\Template\TEAM_Remote\Sources\TEAM_Common\Remote.c</PathName>
      <PathName>D:\MyDevelopment\Education\MC_Microcontroller\HSLU\INTRO\git\MyTeam\Template\TEAM_Remote\Sources\TEAM_Common\Sem.c</PathName>
      <PathName>D:\MyDevelopment\Education\MC_Microcontroller\HSLU\INTRO\git\MyTeam\Template\TEAM_Remote\Sources\TEAM_Common\Shell.c</PathName>
      <PathName>D:\MyDevelopment\Education\MC_Microcontroller\HSLU\INTRO\git\MyTeam\Template\TEAM_Remote\Sources\TEAM_Common\ShellQueue.c</PathName>
      <PathName>D:\MyDevelopment\Education\MC_Microcontroller\HSLU\INTRO\git\MyTeam\Template\TEAM_Remote\Sources\TEAM_Common\Snake.c</PathName>
      <PathName>D:\MyDevelopment\Education\MC_Microcontroller\HSLU\INTRO\git\MyTeam\Template\TEAM_Remote\Sources\TEAM_Common\Sumo.c</PathName>
      <PathName>D:\MyDevelopment\Education\MC_Microcontroller\HSLU\INTRO\git\MyTeam\Template\TEAM_Remote\Sources\TEAM_Common\Tacho.c</PathName>
      <PathName>D:\MyDevelopment\Education\MC_Microcontroller\HSLU\INTRO\git\MyTeam\Template\TEAM_Remote\Sources\TEAM_Common\Timer.c</PathName>
      <PathName>D:\MyDevelopment\Education\MC_Microcontroller\HSLU\INTRO\git\MyTeam\Template\TEAM_Remote\Sources\TEAM_Common\Trigger.c</PathName>
      <PathName>D:\MyDevelopment\Education\MC_Microcontroller\HSLU\INTRO\git\MyTeam\Template\TEAM_Remote\Sources\TEAM_Common\Turn.c</PathName>
      <PathName>D:\MyDevelopment\Education\MC_Microcontroller\HSLU\INTRO\git\MyTeam\Template\TEAM_Remote\Sources\TEAM_Common\VL6180X.c</PathName>
      <PathName>D:\MyDevelopment\Education\MC_Microcontroller\HSLU\INTRO\git\MyTeam\Template\TEAM_Remote\Sources\main.c</PathName>
    </GeneratedCs>
    <GeneratedHs>
      <PathName>D:\MyDevelopment\Education\MC_Microcontroller\HSLU\INTRO\git\MyTeam\Template\TEAM_Remote\Generated_Code\AS1.h</PathName>
      <PathName>D:\MyDevelopment\Education\MC_Microcontroller\HSLU\INTRO\git\MyTeam\Template\TEAM_Remote\Generated_Code\ASerialLdd1.h</PathName>
      <PathName>D:\MyDevelopment\Education\MC_Microcontroller\HSLU\INTRO\git\MyTeam\Template\TEAM_Remote\Generated_Code\BitIoLdd15.h</PathName>
      <PathName>D:\MyDevelopment\Education\MC_Microcontroller\HSLU\INTRO\git\MyTeam\Template\TEAM_Remote\Generated_Code\BitIoLdd16.h</PathName>
      <PathName>D:\MyDevelopment\Education\MC_Microcontroller\HSLU\INTRO\git\MyTeam\Template\TEAM_Remote\Generated_Code\BitIoLdd17.h</PathName>
      <PathName>D:\MyDevelopment\Education\MC_Microcontroller\HSLU\INTRO\git\MyTeam\Template\TEAM_Remote\Generated_Code\CDC1.h</PathName>
      <PathName>D:\MyDevelopment\Education\MC_Microcontroller\HSLU\INTRO\git\MyTeam\Template\TEAM_Remote\Generated_Code\CDC1config.h</PathName>
      <PathName>D:\MyDevelopment\Education\MC_Microcontroller\HSLU\INTRO\git\MyTeam\Template\TEAM_Remote\Generated_Code\CLS1.h</PathName>
      <PathName>D:\MyDevelopment\Education\MC_Microcontroller\HSLU\INTRO\git\MyTeam\Template\TEAM_Remote\Generated_Code\CLS1config.h</PathName>
      <PathName>D:\MyDevelopment\Education\MC_Microcontroller\HSLU\INTRO\git\MyTeam\Template\TEAM_Remote\Generated_Code\CS1.h</PathName>
      <PathName>D:\MyDevelopment\Education\MC_Microcontroller\HSLU\INTRO\git\MyTeam\Template\TEAM_Remote\Generated_Code\CS1config.h</PathName>
      <PathName>D:\MyDevelopment\Education\MC_Microcontroller\HSLU\INTRO\git\MyTeam\Template\TEAM_Remote\Generated_Code\Cpu.h</PathName>
      <PathName>D:\MyDevelopment\Education\MC_Microcontroller\HSLU\INTRO\git\MyTeam\Template\TEAM_Remote\Generated_Code\ExtIntLdd1.h</PathName>
      <PathName>D:\MyDevelopment\Education\MC_Microcontroller\HSLU\INTRO\git\MyTeam\Template\TEAM_Remote\Generated_Code\ExtIntLdd2.h</PathName>
      <PathName>D:\MyDevelopment\Education\MC_Microcontroller\HSLU\INTRO\git\MyTeam\Template\TEAM_Remote\Generated_Code\ExtIntLdd3.h</PathName>
      <PathName>D:\MyDevelopment\Education\MC_Microcontroller\HSLU\INTRO\git\MyTeam\Template\TEAM_Remote\Generated_Code\ExtIntLdd4.h</PathName>
      <PathName>D:\MyDevelopment\Education\MC_Microcontroller\HSLU\INTRO\git\MyTeam\Template\TEAM_Remote\Generated_Code\ExtIntLdd5.h</PathName>
      <PathName>D:\MyDevelopment\Education\MC_Microcontroller\HSLU\INTRO\git\MyTeam\Template\TEAM_Remote\Generated_Code\FRTOS1.h</PathName>
      <PathName>D:\MyDevelopment\Education\MC_Microcontroller\HSLU\INTRO\git\MyTeam\Template\TEAM_Remote\Generated_Code\FRTOS1config.h</PathName>
      <PathName>D:\MyDevelopment\Education\MC_Microcontroller\HSLU\INTRO\git\MyTeam\Template\TEAM_Remote\Generated_Code\FSL_USB_Stack_Config.h</PathName>
      <PathName>D:\MyDevelopment\Education\MC_Microcontroller\HSLU\INTRO\git\MyTeam\Template\TEAM_Remote\Generated_Code\FreeRTOS.h</PathName>
      <PathName>D:\MyDevelopment\Education\MC_Microcontroller\HSLU\INTRO\git\MyTeam\Template\TEAM_Remote\Generated_Code\FreeRTOSConfig.h</PathName>
      <PathName>D:\MyDevelopment\Education\MC_Microcontroller\HSLU\INTRO\git\MyTeam\Template\TEAM_Remote\Generated_Code\HF1.h</PathName>
      <PathName>D:\MyDevelopment\Education\MC_Microcontroller\HSLU\INTRO\git\MyTeam\Template\TEAM_Remote\Generated_Code\HF1config.h</PathName>
      <PathName>D:\MyDevelopment\Education\MC_Microcontroller\HSLU\INTRO\git\MyTeam\Template\TEAM_Remote\Generated_Code\IFsh1.h</PathName>
      <PathName>D:\MyDevelopment\Education\MC_Microcontroller\HSLU\INTRO\git\MyTeam\Template\TEAM_Remote\Generated_Code\IO_Map.h</PathName>
      <PathName>D:\MyDevelopment\Education\MC_Microcontroller\HSLU\INTRO\git\MyTeam\Template\TEAM_Remote\Generated_Code\IntFlashLdd1.h</PathName>
      <PathName>D:\MyDevelopment\Education\MC_Microcontroller\HSLU\INTRO\git\MyTeam\Template\TEAM_Remote\Generated_Code\KIN1.h</PathName>
      <PathName>D:\MyDevelopment\Education\MC_Microcontroller\HSLU\INTRO\git\MyTeam\Template\TEAM_Remote\Generated_Code\KIN1config.h</PathName>
      <PathName>D:\MyDevelopment\Education\MC_Microcontroller\HSLU\INTRO\git\MyTeam\Template\TEAM_Remote\Generated_Code\LEDPin1.h</PathName>
      <PathName>D:\MyDevelopment\Education\MC_Microcontroller\HSLU\INTRO\git\MyTeam\Template\TEAM_Remote\Generated_Code\MCUC1.h</PathName>
      <PathName>D:\MyDevelopment\Education\MC_Microcontroller\HSLU\INTRO\git\MyTeam\Template\TEAM_Remote\Generated_Code\MCUC1config.h</PathName>
      <PathName>D:\MyDevelopment\Education\MC_Microcontroller\HSLU\INTRO\git\MyTeam\Template\TEAM_Remote\Generated_Code\PE_Const.h</PathName>
      <PathName>D:\MyDevelopment\Education\MC_Microcontroller\HSLU\INTRO\git\MyTeam\Template\TEAM_Remote\Generated_Code\PE_Error.h</PathName>
      <PathName>D:\MyDevelopment\Education\MC_Microcontroller\HSLU\INTRO\git\MyTeam\Template\TEAM_Remote\Generated_Code\PE_LDD.h</PathName>
      <PathName>D:\MyDevelopment\Education\MC_Microcontroller\HSLU\INTRO\git\MyTeam\Template\TEAM_Remote\Generated_Code\PE_Types.h</PathName>
      <PathName>D:\MyDevelopment\Education\MC_Microcontroller\HSLU\INTRO\git\MyTeam\Template\TEAM_Remote\Generated_Code\PTA.h</PathName>
      <PathName>D:\MyDevelopment\Education\MC_Microcontroller\HSLU\INTRO\git\MyTeam\Template\TEAM_Remote\Generated_Code\PTB.h</PathName>
      <PathName>D:\MyDevelopment\Education\MC_Microcontroller\HSLU\INTRO\git\MyTeam\Template\TEAM_Remote\Generated_Code\PTD.h</PathName>
      <PathName>D:\MyDevelopment\Education\MC_Microcontroller\HSLU\INTRO\git\MyTeam\Template\TEAM_Remote\Generated_Code\RTOSCNTRLDD1.h</PathName>
      <PathName>D:\MyDevelopment\Education\MC_Microcontroller\HSLU\INTRO\git\MyTeam\Template\TEAM_Remote\Generated_Code\RTT1.h</PathName>
      <PathName>D:\MyDevelopment\Education\MC_Microcontroller\HSLU\INTRO\git\MyTeam\Template\TEAM_Remote\Generated_Code\RTT1config.h</PathName>
      <PathName>D:\MyDevelopment\Education\MC_Microcontroller\HSLU\INTRO\git\MyTeam\Template\TEAM_Remote\Generated_Code\Rx1.h</PathName>
      <PathName>D:\MyDevelopment\Education\MC_Microcontroller\HSLU\INTRO\git\MyTeam\Template\TEAM_Remote\Generated_Code\Rx1config.h</PathName>
      <PathName>D:\MyDevelopment\Education\MC_Microcontroller\HSLU\INTRO\git\MyTeam\Template\TEAM_Remote\Generated_Code\SEGGER_RTT.h</PathName>
      <PathName>D:\MyDevelopment\Education\MC_Microcontroller\HSLU\INTRO\git\MyTeam\Template\TEAM_Remote\Generated_Code\SEGGER_RTT_Conf.h</PathName>
      <PathName>D:\MyDevelopment\Education\MC_Microcontroller\HSLU\INTRO\git\MyTeam\Template\TEAM_Remote\Generated_Code\SEGGER_SYSVIEW.h</PathName>
      <PathName>D:\MyDevelopment\Education\MC_Microcontroller\HSLU\INTRO\git\MyTeam\Template\TEAM_Remote\Generated_Code\SEGGER_SYSVIEW_Conf.h</PathName>
      <PathName>D:\MyDevelopment\Education\MC_Microcontroller\HSLU\INTRO\git\MyTeam\Template\TEAM_Remote\Generated_Code\SEGGER_SYSVIEW_ConfDefaults.h</PathName>
      <PathName>D:\MyDevelopment\Education\MC_Microcontroller\HSLU\INTRO\git\MyTeam\Template\TEAM_Remote\Generated_Code\SEGGER_SYSVIEW_FreeRTOS.h</PathName>
      <PathName>D:\MyDevelopment\Education\MC_Microcontroller\HSLU\INTRO\git\MyTeam\Template\TEAM_Remote\Generated_Code\SEGGER_SYSVIEW_Int.h</PathName>
      <PathName>D:\MyDevelopment\Education\MC_Microcontroller\HSLU\INTRO\git\MyTeam\Template\TEAM_Remote\Generated_Code\SW1.h</PathName>
      <PathName>D:\MyDevelopment\Education\MC_Microcontroller\HSLU\INTRO\git\MyTeam\Template\TEAM_Remote\Generated_Code\SW2.h</PathName>
      <PathName>D:\MyDevelopment\Education\MC_Microcontroller\HSLU\INTRO\git\MyTeam\Template\TEAM_Remote\Generated_Code\SW3.h</PathName>
      <PathName>D:\MyDevelopment\Education\MC_Microcontroller\HSLU\INTRO\git\MyTeam\Template\TEAM_Remote\Generated_Code\SW4.h</PathName>
      <PathName>D:\MyDevelopment\Education\MC_Microcontroller\HSLU\INTRO\git\MyTeam\Template\TEAM_Remote\Generated_Code\SW5.h</PathName>
      <PathName>D:\MyDevelopment\Education\MC_Microcontroller\HSLU\INTRO\git\MyTeam\Template\TEAM_Remote\Generated_Code\SW6.h</PathName>
      <PathName>D:\MyDevelopment\Education\MC_Microcontroller\HSLU\INTRO\git\MyTeam\Template\TEAM_Remote\Generated_Code\SW7.h</PathName>
      <PathName>D:\MyDevelopment\Education\MC_Microcontroller\HSLU\INTRO\git\MyTeam\Template\TEAM_Remote\Generated_Code\SYS1.h</PathName>
      <PathName>D:\MyDevelopment\Education\MC_Microcontroller\HSLU\INTRO\git\MyTeam\Template\TEAM_Remote\Generated_Code\SYS1config.h</PathName>
      <PathName>D:\MyDevelopment\Education\MC_Microcontroller\HSLU\INTRO\git\MyTeam\Template\TEAM_Remote\Generated_Code\TI1.h</PathName>
      <PathName>D:\MyDevelopment\Education\MC_Microcontroller\HSLU\INTRO\git\MyTeam\Template\TEAM_Remote\Generated_Code\TMOUT1.h</PathName>
      <PathName>D:\MyDevelopment\Education\MC_Microcontroller\HSLU\INTRO\git\MyTeam\Template\TEAM_Remote\Generated_Code\TMOUT1config.h</PathName>
      <PathName>D:\MyDevelopment\Education\MC_Microcontroller\HSLU\INTRO\git\MyTeam\Template\TEAM_Remote\Generated_Code\TU1.h</PathName>
      <PathName>D:\MyDevelopment\Education\MC_Microcontroller\HSLU\INTRO\git\MyTeam\Template\TEAM_Remote\Generated_Code\TimerIntLdd1.h</PathName>
      <PathName>D:\MyDevelopment\Education\MC_Microcontroller\HSLU\INTRO\git\MyTeam\Template\TEAM_Remote\Generated_Code\TmDt1.h</PathName>
      <PathName>D:\MyDevelopment\Education\MC_Microcontroller\HSLU\INTRO\git\MyTeam\Template\TEAM_Remote\Generated_Code\TmDt1config.h</PathName>
      <PathName>D:\MyDevelopment\Education\MC_Microcontroller\HSLU\INTRO\git\MyTeam\Template\TEAM_Remote\Generated_Code\Tx1.h</PathName>
      <PathName>D:\MyDevelopment\Education\MC_Microcontroller\HSLU\INTRO\git\MyTeam\Template\TEAM_Remote\Generated_Code\Tx1config.h</PathName>
      <PathName>D:\MyDevelopment\Education\MC_Microcontroller\HSLU\INTRO\git\MyTeam\Template\TEAM_Remote\Generated_Code\USB0.h</PathName>
      <PathName>D:\MyDevelopment\Education\MC_Microcontroller\HSLU\INTRO\git\MyTeam\Template\TEAM_Remote\Generated_Code\USB1.h</PathName>
      <PathName>D:\MyDevelopment\Education\MC_Microcontroller\HSLU\INTRO\git\MyTeam\Template\TEAM_Remote\Generated_Code\USB1config.h</PathName>
      <PathName>D:\MyDevelopment\Education\MC_Microcontroller\HSLU\INTRO\git\MyTeam\Template\TEAM_Remote\Generated_Code\USB_Config.h</PathName>
      <PathName>D:\MyDevelopment\Education\MC_Microcontroller\HSLU\INTRO\git\MyTeam\Template\TEAM_Remote\Generated_Code\UTIL1.h</PathName>
      <PathName>D:\MyDevelopment\Education\MC_Microcontroller\HSLU\INTRO\git\MyTeam\Template\TEAM_Remote\Generated_Code\UTIL1config.h</PathName>
      <PathName>D:\MyDevelopment\Education\MC_Microcontroller\HSLU\INTRO\git\MyTeam\Template\TEAM_Remote\Generated_Code\WAIT1.h</PathName>
      <PathName>D:\MyDevelopment\Education\MC_Microcontroller\HSLU\INTRO\git\MyTeam\Template\TEAM_Remote\Generated_Code\WAIT1config.h</PathName>
      <PathName>D:\MyDevelopment\Education\MC_Microcontroller\HSLU\INTRO\git\MyTeam\Template\TEAM_Remote\Generated_Code\XF1.h</PathName>
      <PathName>D:\MyDevelopment\Education\MC_Microcontroller\HSLU\INTRO\git\MyTeam\Template\TEAM_Remote\Generated_Code\XF1config.h</PathName>
      <PathName>D:\MyDevelopment\Education\MC_Microcontroller\HSLU\INTRO\git\MyTeam\Template\TEAM_Remote\Generated_Code\croutine.h</PathName>
      <PathName>D:\MyDevelopment\Education\MC_Microcontroller\HSLU\INTRO\git\MyTeam\Template\TEAM_Remote\Generated_Code\deprecated_definitions.h</PathName>
      <PathName>D:\MyDevelopment\Education\MC_Microcontroller\HSLU\INTRO\git\MyTeam\Template\TEAM_Remote\Generated_Code\derivative.h</PathName>
      <PathName>D:\MyDevelopment\Education\MC_Microcontroller\HSLU\INTRO\git\MyTeam\Template\TEAM_Remote\Generated_Code\event_groups.h</PathName>
      <PathName>D:\MyDevelopment\Education\MC_Microcontroller\HSLU\INTRO\git\MyTeam\Template\TEAM_Remote\Generated_Code\freertos_tasks_c_additions.h</PathName>
      <PathName>D:\MyDevelopment\Education\MC_Microcontroller\HSLU\INTRO\git\MyTeam\Template\TEAM_Remote\Generated_Code\hidef.h</PathName>
      <PathName>D:\MyDevelopment\Education\MC_Microcontroller\HSLU\INTRO\git\MyTeam\Template\TEAM_Remote\Generated_Code\list.h</PathName>
      <PathName>D:\MyDevelopment\Education\MC_Microcontroller\HSLU\INTRO\git\MyTeam\Template\TEAM_Remote\Generated_Code\message_buffer.h</PathName>
      <PathName>D:\MyDevelopment\Education\MC_Microcontroller\HSLU\INTRO\git\MyTeam\Template\TEAM_Remote\Generated_Code\mpu_prototypes.h</PathName>
      <PathName>D:\MyDevelopment\Education\MC_Microcontroller\HSLU\INTRO\git\MyTeam\Template\TEAM_Remote\Generated_Code\mpu_wrappers.h</PathName>
      <PathName>D:\MyDevelopment\Education\MC_Microcontroller\HSLU\INTRO\git\MyTeam\Template\TEAM_Remote\Generated_Code\portTicks.h</PathName>
      <PathName>D:\MyDevelopment\Education\MC_Microcontroller\HSLU\INTRO\git\MyTeam\Template\TEAM_Remote\Generated_Code\portable.h</PathName>
      <PathName>D:\MyDevelopment\Education\MC_Microcontroller\HSLU\INTRO\git\MyTeam\Template\TEAM_Remote\Generated_Code\portmacro.h</PathName>
      <PathName>D:\MyDevelopment\Education\MC_Microcontroller\HSLU\INTRO\git\MyTeam\Template\TEAM_Remote\Generated_Code\projdefs.h</PathName>
      <PathName>D:\MyDevelopment\Education\MC_Microcontroller\HSLU\INTRO\git\MyTeam\Template\TEAM_Remote\Generated_Code\queue.h</PathName>
      <PathName>D:\MyDevelopment\Education\MC_Microcontroller\HSLU\INTRO\git\MyTeam\Template\TEAM_Remote\Generated_Code\semphr.h</PathName>
      <PathName>D:\MyDevelopment\Education\MC_Microcontroller\HSLU\INTRO\git\MyTeam\Template\TEAM_Remote\Generated_Code\stack_macros.h</PathName>
      <PathName>D:\MyDevelopment\Education\MC_Microcontroller\HSLU\INTRO\git\MyTeam\Template\TEAM_Remote\Generated_Code\stream_buffer.h</PathName>
      <PathName>D:\MyDevelopment\Education\MC_Microcontroller\HSLU\INTRO\git\MyTeam\Template\TEAM_Remote\Generated_Code\task.h</PathName>
      <PathName>D:\MyDevelopment\Education\MC_Microcontroller\HSLU\INTRO\git\MyTeam\Template\TEAM_Remote\Generated_Code\timers.h</PathName>
      <PathName>D:\MyDevelopment\Education\MC_Microcontroller\HSLU\INTRO\git\MyTeam\Template\TEAM_Remote\Generated_Code\types.h</PathName>
      <PathName>D:\MyDevelopment\Education\MC_Microcontroller\HSLU\INTRO\git\MyTeam\Template\TEAM_Remote\Generated_Code\usb_bdt_kinetis.h</PathName>
      <PathName>D:\MyDevelopment\Education\MC_Microcontroller\HSLU\INTRO\git\MyTeam\Template\TEAM_Remote\Generated_Code\usb_cdc.h</PathName>
      <PathName>D:\MyDevelopment\Education\MC_Microcontroller\HSLU\INTRO\git\MyTeam\Template\TEAM_Remote\Generated_Code\usb_cdc_pstn.h</PathName>
      <PathName>D:\MyDevelopment\Education\MC_Microcontroller\HSLU\INTRO\git\MyTeam\Template\TEAM_Remote\Generated_Code\usb_class.h</PathName>
      <PathName>D:\MyDevelopment\Education\MC_Microcontroller\HSLU\INTRO\git\MyTeam\Template\TEAM_Remote\Generated_Code\usb_dci_kinetis.h</PathName>
      <PathName>D:\MyDevelopment\Education\MC_Microcontroller\HSLU\INTRO\git\MyTeam\Template\TEAM_Remote\Generated_Code\usb_dciapi.h</PathName>
      <PathName>D:\MyDevelopment\Education\MC_Microcontroller\HSLU\INTRO\git\MyTeam\Template\TEAM_Remote\Generated_Code\usb_descriptor.h</PathName>
      <PathName>D:\MyDevelopment\Education\MC_Microcontroller\HSLU\INTRO\git\MyTeam\Template\TEAM_Remote\Generated_Code\usb_devapi.h</PathName>
      <PathName>D:\MyDevelopment\Education\MC_Microcontroller\HSLU\INTRO\git\MyTeam\Template\TEAM_Remote\Generated_Code\usb_framework.h</PathName>
      <PathName>D:\MyDevelopment\Education\MC_Microcontroller\HSLU\INTRO\git\MyTeam\Template\TEAM_Remote\Generated_Code\usb_user_config.h</PathName>
      <PathName>D:\MyDevelopment\Education\MC_Microcontroller\HSLU\INTRO\git\MyTeam\Template\TEAM_Remote\Generated_Code\wdt_kinetis.h</PathName>
      <PathName>D:\MyDevelopment\Education\MC_Microcontroller\HSLU\INTRO\git\MyTeam\Template\TEAM_Remote\Sources\Events.h</PathName>
      <PathName>D:\MyDevelopment\Education\MC_Microcontroller\HSLU\INTRO\git\MyTeam\Template\TEAM_Remote\Sources\Platform_Local.h</PathName>
      <PathName>D:\MyDevelopment\Education\MC_Microcontroller\HSLU\INTRO\git\MyTeam\Template\TEAM_Remote\Sources\TEAM_Common\Application.h</PathName>
      <PathName>D:\MyDevelopment\Education\MC_Microcontroller\HSLU\INTRO\git\MyTeam\Template\TEAM_Remote\Sources\TEAM_Common\Battery.h</PathName>
      <PathName>D:\MyDevelopment\Education\MC_Microcontroller\HSLU\INTRO\git\MyTeam\Template\TEAM_Remote\Sources\TEAM_Common\Buzzer.h</PathName>
      <PathName>D:\MyDevelopment\Education\MC_Microcontroller\HSLU\INTRO\git\MyTeam\Template\TEAM_Remote\Sources\TEAM_Common\Debounce.h</PathName>
      <PathName>D:\MyDevelopment\Education\MC_Microcontroller\HSLU\INTRO\git\MyTeam\Template\TEAM_Remote\Sources\TEAM_Common\Distance.h</PathName>
      <PathName>D:\MyDevelopment\Education\MC_Microcontroller\HSLU\INTRO\git\MyTeam\Template\TEAM_Remote\Sources\TEAM_Common\Drive.h</PathName>
      <PathName>D:\MyDevelopment\Education\MC_Microcontroller\HSLU\INTRO\git\MyTeam\Template\TEAM_Remote\Sources\TEAM_Common\Event.h</PathName>
      <PathName>D:\MyDevelopment\Education\MC_Microcontroller\HSLU\INTRO\git\MyTeam\Template\TEAM_Remote\Sources\TEAM_Common\KeyDebounce.h</PathName>
      <PathName>D:\MyDevelopment\Education\MC_Microcontroller\HSLU\INTRO\git\MyTeam\Template\TEAM_Remote\Sources\TEAM_Common\Keys.h</PathName>
      <PathName>D:\MyDevelopment\Education\MC_Microcontroller\HSLU\INTRO\git\MyTeam\Template\TEAM_Remote\Sources\TEAM_Common\LCD.h</PathName>
      <PathName>D:\MyDevelopment\Education\MC_Microcontroller\HSLU\INTRO\git\MyTeam\Template\TEAM_Remote\Sources\TEAM_Common\LCDMenu.h</PathName>
      <PathName>D:\MyDevelopment\Education\MC_Microcontroller\HSLU\INTRO\git\MyTeam\Template\TEAM_Remote\Sources\TEAM_Common\LED.h</PathName>
      <PathName>D:\MyDevelopment\Education\MC_Microcontroller\HSLU\INTRO\git\MyTeam\Template\TEAM_Remote\Sources\TEAM_Common\LineFollow.h</PathName>
      <PathName>D:\MyDevelopment\Education\MC_Microcontroller\HSLU\INTRO\git\MyTeam\Template\TEAM_Remote\Sources\TEAM_Common\MCP4728.h</PathName>
      <PathName>D:\MyDevelopment\Education\MC_Microcontroller\HSLU\INTRO\git\MyTeam\Template\TEAM_Remote\Sources\TEAM_Common\Maze.h</PathName>
      <PathName>D:\MyDevelopment\Education\MC_Microcontroller\HSLU\INTRO\git\MyTeam\Template\TEAM_Remote\Sources\TEAM_Common\Motor.h</PathName>
      <PathName>D:\MyDevelopment\Education\MC_Microcontroller\HSLU\INTRO\git\MyTeam\Template\TEAM_Remote\Sources\TEAM_Common\NVM_Config.h</PathName>
      <PathName>D:\MyDevelopment\Education\MC_Microcontroller\HSLU\INTRO\git\MyTeam\Template\TEAM_Remote\Sources\TEAM_Common\Pid.h</PathName>
      <PathName>D:\MyDevelopment\Education\MC_Microcontroller\HSLU\INTRO\git\MyTeam\Template\TEAM_Remote\Sources\TEAM_Common\Platform.h</PathName>
      <PathName>D:\MyDevelopment\Education\MC_Microcontroller\HSLU\INTRO\git\MyTeam\Template\TEAM_Remote\Sources\TEAM_Common\QuadCalib.h</PathName>
      <PathName>D:\MyDevelopment\Education\MC_Microcontroller\HSLU\INTRO\git\MyTeam\Template\TEAM_Remote\Sources\TEAM_Common\RNet_App.h</PathName>
      <PathName>D:\MyDevelopment\Education\MC_Microcontroller\HSLU\INTRO\git\MyTeam\Template\TEAM_Remote\Sources\TEAM_Common\RNet_AppConfig.h</PathName>
      <PathName>D:\MyDevelopment\Education\MC_Microcontroller\HSLU\INTRO\git\MyTeam\Template\TEAM_Remote\Sources\TEAM_Common\RTOS.h</PathName>
      <PathName>D:\MyDevelopment\Education\MC_Microcontroller\HSLU\INTRO\git\MyTeam\Template\TEAM_Remote\Sources\TEAM_Common\Reflectance.h</PathName>
      <PathName>D:\MyDevelopment\Education\MC_Microcontroller\HSLU\INTRO\git\MyTeam\Template\TEAM_Remote\Sources\TEAM_Common\Remote.h</PathName>
      <PathName>D:\MyDevelopment\Education\MC_Microcontroller\HSLU\INTRO\git\MyTeam\Template\TEAM_Remote\Sources\TEAM_Common\Sem.h</PathName>
      <PathName>D:\MyDevelopment\Education\MC_Microcontroller\HSLU\INTRO\git\MyTeam\Template\TEAM_Remote\Sources\TEAM_Common\Shell.h</PathName>
      <PathName>D:\MyDevelopment\Education\MC_Microcontroller\HSLU\INTRO\git\MyTeam\Template\TEAM_Remote\Sources\TEAM_Common\ShellQueue.h</PathName>
      <PathName>D:\MyDevelopment\Education\MC_Microcontroller\HSLU\INTRO\git\MyTeam\Template\TEAM_Remote\Sources\TEAM_Common\Snake.h</PathName>
      <PathName>D:\MyDevelopment\Education\MC_Microcontroller\HSLU\INTRO\git\MyTeam\Template\TEAM_Remote\Sources\TEAM_Common\Sumo.h</PathName>
      <PathName>D:\MyDevelopment\Education\MC_Microcontroller\HSLU\INTRO\git\MyTeam\Template\TEAM_Remote\Sources\TEAM_Common\Tacho.h</PathName>
      <PathName>D:\MyDevelopment\Education\MC_Microcontroller\HSLU\INTRO\git\MyTeam\Template\TEAM_Remote\Sources\TEAM_Common\Timer.h</PathName>
      <PathName>D:\MyDevelopment\Education\MC_Microcontroller\HSLU\INTRO\git\MyTeam\Template\TEAM_Remote\Sources\TEAM_Common\Trigger.h</PathName>
      <PathName>D:\MyDevelopment\Education\MC_Microcontroller\HSLU\INTRO\git\MyTeam\Template\TEAM_Remote\Sources\TEAM_Common\Turn.h</PathName>
      <PathName>D:\MyDevelopment\Education\MC_Microcontroller\HSLU\INTRO\git\MyTeam\Template\TEAM_Remote\Sources\TEAM_Common\VL6180X.h</PathName>
      <PathName>D:\MyDevelopment\Education\MC_Microcontroller\HSLU\INTRO\git\MyTeam\Template\TEAM_Remote\Static_Code\IO_Map\MK20D5.h</PathName>
      <PathName>D:\MyDevelopment\Education\MC_Microcontroller\HSLU\INTRO\git\MyTeam\Template\TEAM_Remote\Static_Code\PDD\ADC_PDD.h</PathName>
      <PathName>D:\MyDevelopment\Education\MC_Microcontroller\HSLU\INTRO\git\MyTeam\Template\TEAM_Remote\Static_Code\PDD\CMP_PDD.h</PathName>
      <PathName>D:\MyDevelopment\Education\MC_Microcontroller\HSLU\INTRO\git\MyTeam\Template\TEAM_Remote\Static_Code\PDD\CMT_PDD.h</PathName>
      <PathName>D:\MyDevelopment\Education\MC_Microcontroller\HSLU\INTRO\git\MyTeam\Template\TEAM_Remote\Static_Code\PDD\CRC_PDD.h</PathName>
      <PathName>D:\MyDevelopment\Education\MC_Microcontroller\HSLU\INTRO\git\MyTeam\Template\TEAM_Remote\Static_Code\PDD\DMAMUX_PDD.h</PathName>
      <PathName>D:\MyDevelopment\Education\MC_Microcontroller\HSLU\INTRO\git\MyTeam\Template\TEAM_Remote\Static_Code\PDD\DMA_PDD.h</PathName>
      <PathName>D:\MyDevelopment\Education\MC_Microcontroller\HSLU\INTRO\git\MyTeam\Template\TEAM_Remote\Static_Code\PDD\EWM_PDD.h</PathName>
      <PathName>D:\MyDevelopment\Education\MC_Microcontroller\HSLU\INTRO\git\MyTeam\Template\TEAM_Remote\Static_Code\PDD\FMC_PDD.h</PathName>
      <PathName>D:\MyDevelopment\Education\MC_Microcontroller\HSLU\INTRO\git\MyTeam\Template\TEAM_Remote\Static_Code\PDD\FTFL_PDD.h</PathName>
      <PathName>D:\MyDevelopment\Education\MC_Microcontroller\HSLU\INTRO\git\MyTeam\Template\TEAM_Remote\Static_Code\PDD\FTM_PDD.h</PathName>
      <PathName>D:\MyDevelopment\Education\MC_Microcontroller\HSLU\INTRO\git\MyTeam\Template\TEAM_Remote\Static_Code\PDD\GPIO_PDD.h</PathName>
      <PathName>D:\MyDevelopment\Education\MC_Microcontroller\HSLU\INTRO\git\MyTeam\Template\TEAM_Remote\Static_Code\PDD\I2C_PDD.h</PathName>
      <PathName>D:\MyDevelopment\Education\MC_Microcontroller\HSLU\INTRO\git\MyTeam\Template\TEAM_Remote\Static_Code\PDD\LPTMR_PDD.h</PathName>
      <PathName>D:\MyDevelopment\Education\MC_Microcontroller\HSLU\INTRO\git\MyTeam\Template\TEAM_Remote\Static_Code\PDD\MCG_PDD.h</PathName>
      <PathName>D:\MyDevelopment\Education\MC_Microcontroller\HSLU\INTRO\git\MyTeam\Template\TEAM_Remote\Static_Code\PDD\OSC_PDD.h</PathName>
      <PathName>D:\MyDevelopment\Education\MC_Microcontroller\HSLU\INTRO\git\MyTeam\Template\TEAM_Remote\Static_Code\PDD\PDB_PDD.h</PathName>
      <PathName>D:\MyDevelopment\Education\MC_Microcontroller\HSLU\INTRO\git\MyTeam\Template\TEAM_Remote\Static_Code\PDD\PDD_Types.h</PathName>
      <PathName>D:\MyDevelopment\Education\MC_Microcontroller\HSLU\INTRO\git\MyTeam\Template\TEAM_Remote\Static_Code\PDD\PIT_PDD.h</PathName>
      <PathName>D:\MyDevelopment\Education\MC_Microcontroller\HSLU\INTRO\git\MyTeam\Template\TEAM_Remote\Static_Code\PDD\PORT_PDD.h</PathName>
      <PathName>D:\MyDevelopment\Education\MC_Microcontroller\HSLU\INTRO\git\MyTeam\Template\TEAM_Remote\Static_Code\PDD\RTC_PDD.h</PathName>
      <PathName>D:\MyDevelopment\Education\MC_Microcontroller\HSLU\INTRO\git\MyTeam\Template\TEAM_Remote\Static_Code\PDD\SAI_PDD.h</PathName>
      <PathName>D:\MyDevelopment\Education\MC_Microcontroller\HSLU\INTRO\git\MyTeam\Template\TEAM_Remote\Static_Code\PDD\SIM_PDD.h</PathName>
      <PathName>D:\MyDevelopment\Education\MC_Microcontroller\HSLU\INTRO\git\MyTeam\Template\TEAM_Remote\Static_Code\PDD\SPI_PDD.h</PathName>
      <PathName>D:\MyDevelopment\Education\MC_Microcontroller\HSLU\INTRO\git\MyTeam\Template\TEAM_Remote\Static_Code\PDD\SysTick_PDD.h</PathName>
      <PathName>D:\MyDevelopment\Education\MC_Microcontroller\HSLU\INTRO\git\MyTeam\Template\TEAM_Remote\Static_Code\PDD\UART_PDD.h</PathName>
      <PathName>D:\MyDevelopment\Education\MC_Microcontroller\HSLU\INTRO\git\MyTeam\Template\TEAM_Remote\Static_Code\PDD\USBDCD_PDD.h</PathName>
      <PathName>D:\MyDevelopment\Education\MC_Microcontroller\HSLU\INTRO\git\MyTeam\Template\TEAM_Remote\Static_Code\PDD\USB_PDD.h</PathName>
      <PathName>D:\MyDevelopment\Education\MC_Microcontroller\HSLU\INTRO\git\MyTeam\Template\TEAM_Remote\Static_Code\PDD\VREF_PDD.h</PathName>
      <PathName>D:\MyDevelopment\Education\MC_Microcontroller\HSLU\INTRO\git\MyTeam\Template\TEAM_Remote\Static_Code\PDD\WDOG_PDD.h</PathName>
    </GeneratedHs>
    <GeneratedASMs>
      <PathName>D:\MyDevelopment\Education\MC_Microcontroller\HSLU\INTRO\git\MyTeam\Template\TEAM_Remote\Generated_Code\portasm.s</PathName>
    </GeneratedASMs>
  </FILES>
  <OPTIONS>
  </OPTIONS>
</export>
